User;Name;Date;changes
194.210.1.51;Bonnet_phrygien;19/10/2004 11:02;163
Ske;Bonnet_phrygien;19/10/2004 12:11;751
Ske;Bonnet_phrygien;19/10/2004 12:12;17
83.27.202.42;Bonnet_phrygien;21/10/2004 10:39;42
Med;Bonnet_phrygien;29/10/2004 11:06;24
Martin.komunide.com;Ci-devant;09/11/2004 12:37;71
Aoineko;Ci-devant;10/11/2004 05:02;44
Sam Hocevar;Bonnet_phrygien;28/11/2004 02:42;4
Cham;Ci-devant;15/12/2004 07:59;21
Sfrancois;Bonnet_phrygien;16/12/2004 11:26;35
Kelson;Bonnet_phrygien;25/12/2004 09:32;15
Durandal;Bonnet_phrygien;29/01/2005 07:36;4
FoeNyx;Ci-devant;01/02/2005 11:05;6
Mued;Bonnet_phrygien;03/03/2005 03:49;243
ThierryVignaud;Bonnet_phrygien;15/04/2005 07:33;289
Clm03;Alexandre_François_Marie_de_Beauharnais;17/04/2005 09:56;1651
Clm03;Alexandre_François_Marie_de_Beauharnais;17/04/2005 09:58;29
Clm03;Alexandre_François_Marie_de_Beauharnais;17/04/2005 10:34;87
Siren;Bien_national;23/04/2005 07:16;19
Siren;Bien_national;23/04/2005 08:12;1228
Jyp;Bien_national;23/04/2005 08:18;4
Clm03;Alexandre_François_Marie_de_Beauharnais;29/04/2005 12:27;104
83.197.81.154;Citoyen_actif;16/05/2005 02:38;275
83.197.81.154;Citoyen_actif;16/05/2005 02:41;61
84.5.152.231;Camille_Borghèse;17/05/2005 01:07;72
Ploum's;Camille_Borghèse;17/05/2005 06:33;132
(et)t;Alexandre_François_Marie_de_Beauharnais;04/06/2005 07:48;118
Aboumael;Camille_Borghèse;10/06/2005 01:26;61
Aboumael;Camille_Borghèse;10/06/2005 01:26;29
Richelieu;Comité_d'instruction_publique;10/06/2005 02:54;1349
Vargenau;Comité_d'instruction_publique;10/06/2005 03:20;180
Mirmillon;Comité_d'instruction_publique;10/06/2005 03:21;42
Sfrancois;Citoyen_actif;11/06/2005 07:10;528
Richelieu;Adoption_par_Louis_XVI_de_la_cocarde_tricolore;18/06/2005 03:42;1351
Jef-Infojef;Adoption_par_Louis_XVI_de_la_cocarde_tricolore;18/06/2005 05:48;17
Stanlekub;Adoption_par_Louis_XVI_de_la_cocarde_tricolore;18/06/2005 06:19;401
Lmaltier;Bonnet_phrygien;21/06/2005 08:31;2
Vargenau;Adoption_par_Louis_XVI_de_la_cocarde_tricolore;25/06/2005 08:42;99
Zwobot;Alexandre_François_Marie_de_Beauharnais;08/07/2005 12:04;138
Stanlekub;Adoption_par_Louis_XVI_de_la_cocarde_tricolore;07/08/2005 08:18;13
Philip;Alexandre_François_Marie_de_Beauharnais;17/08/2005 07:09;47
Richelieu;Adoption_par_Louis_XVI_de_la_cocarde_tricolore;28/08/2005 04:00;24
Neuceu;Adoption_par_Louis_XVI_de_la_cocarde_tricolore;31/08/2005 01:29;0
Tieno;Ci-devant;03/09/2005 05:34;9
Sherbrooke;Camille_Borghèse;05/09/2005 11:10;170
Spooky;Camille_Borghèse;06/09/2005 11:18;15
84.5.153.17;Complot_révolutionnaire_nantais_contre_les_modérés;16/09/2005 04:25;4500
Richelieu;Bataille_de_Cholet;16/09/2005 11:34;2753
Fourvin;Caroline_chérie_(1951);24/09/2005 11:40;799
Dr gonzo;Caroline_chérie_(1951);24/09/2005 12:38;3
Richelieu;Complot_révolutionnaire_nantais_contre_les_modérés;02/10/2005 02:35;105
Richelieu;Complot_révolutionnaire_nantais_contre_les_modérés;02/10/2005 02:36;17
Solbot;Camille_Borghèse;03/10/2005 08:28;79
Richelieu;Adoption_par_Louis_XVI_de_la_cocarde_tricolore;04/10/2005 11:28;103
Richelieu;Bataille_de_Cholet;04/10/2005 11:49;86
Richelieu;Alexandre_François_Marie_de_Beauharnais;04/10/2005 12:37;118
Richelieu;Alexandre_François_Marie_de_Beauharnais;04/10/2005 12:39;58
Richelieu;Alexandre_François_Marie_de_Beauharnais;04/10/2005 12:39;2
Vargenau;Complot_révolutionnaire_nantais_contre_les_modérés;06/10/2005 09:03;0
Vargenau;Complot_révolutionnaire_nantais_contre_les_modérés;06/10/2005 09:06;245
Badmood;Bonnet_phrygien;06/10/2005 10:42;259
Richelieu;Coup_d'État_du_30_prairial_an_VII_(18_juin_1799);07/10/2005 02:22;1758
Richelieu;Coup_d'État_du_30_prairial_an_VII_(18_juin_1799);07/10/2005 02:25;7
Richelieu;Coup_d'État_du_30_prairial_an_VII_(18_juin_1799);07/10/2005 02:26;3
Poppy;Coup_d'État_du_30_prairial_an_VII_(18_juin_1799);07/10/2005 03:19;0
Richelieu;Coup_d'État_du_18_fructidor_an_V;07/10/2005 04:33;2016
Probot;Alexandre_François_Marie_de_Beauharnais;07/10/2005 07:25;98
Hégésippe Cormier;Coup_d'État_du_18_fructidor_an_V;09/10/2005 06:02;0
Richelieu;Complot_de_l'Œillet;13/10/2005 01:02;4660
Richelieu;Complot_de_l'Œillet;13/10/2005 01:02;37
Richelieu;Complot_de_l'Œillet;13/10/2005 01:06;7
Richelieu;Conspiration_de_Bicêtre;20/10/2005 11:50;4858
David Berardan;Comité_d'instruction_publique;02/11/2005 12:57;31
84.5.244.223;Complot_de_Charenton;03/11/2005 04:37;857
Richelieu;Conseil_exécutif_(Révolution_française);05/11/2005 02:27;976
Darkdadaah;Ci-devant;06/11/2005 03:26;73
Richelieu;Club_des_Impartiaux;11/11/2005 01:23;567
85.201.108.245;Complot_révolutionnaire_nantais_contre_les_modérés;13/11/2005 11:05;17
85.201.108.245;Complot_révolutionnaire_nantais_contre_les_modérés;13/11/2005 11:05;1
Richelieu;Club_de_1789;15/11/2005 08:46;717
Rocastelo;Alexandre_François_Marie_de_Beauharnais;20/11/2005 09:16;31
Clio64;Bataille_de_Cholet;01/12/2005 06:30;37
Archeos;Contributions_directes;04/12/2005 07:32;1086
RobotQuistnix;Bonnet_phrygien;10/12/2005 02:00;20
Ayin;Coup_d'État_du_30_prairial_an_VII_(18_juin_1799);10/12/2005 05:15;0
MedBot;Coup_d'État_du_18_fructidor_an_V;17/12/2005 07:40;6
82.225.234.108;Affaire_Réveillon;17/12/2005 09:01;2025
Richelieu;Club_de_Salm;18/12/2005 06:42;502
Popolon;Affaire_Réveillon;19/12/2005 10:20;301
Popolon;Affaire_Réveillon;19/12/2005 10:25;53
Popolon;Affaire_Réveillon;19/12/2005 10:32;127
Popolon;Affaire_Réveillon;19/12/2005 10:51;40
Popolon;Affaire_Réveillon;19/12/2005 11:21;14
Idarvol;Coup_d'État_du_18_fructidor_an_V;20/12/2005 05:53;167
Richelieu;Club_de_Salm;21/12/2005 08:31;57
83.199.180.201;Affaire_Réveillon;23/12/2005 04:35;15
Yanik Crépeau;Bon_Albert_Briois_de_Beaumetz;25/12/2005 01:38;44
Richelieu;Bon_Albert_Briois_de_Beaumetz;25/12/2005 12:41;1703
Richelieu;Certificat_de_civisme;26/12/2005 01:32;579
Archeos;Certificat_de_civisme;26/12/2005 04:34;108
Kelson;Coup_d'État_du_18_fructidor_an_V;28/12/2005 07:45;5
81.65.169.145;Complot_de_l'Œillet;29/12/2005 07:28;13
81.65.169.145;Complot_de_l'Œillet;29/12/2005 07:30;13
81.65.169.145;Complot_de_l'Œillet;29/12/2005 07:35;5
Romanc19s;Coup_d'État_du_30_prairial_an_VII_(18_juin_1799);01/01/2006 08:39;82
GillesC;Bataille_de_Cholet;04/01/2006 09:24;23
GillesC;Bataille_de_Cholet;04/01/2006 09:25;11
Tython;Caroline_chérie_(1951);05/01/2006 10:09;38
Tython;Caroline_chérie_(1951);05/01/2006 10:22;2
Poildoiseau;Complot_de_Charenton;06/01/2006 05:37;24
PieRRoMaN;Citoyen_actif;09/01/2006 12:29;23
Phe;Affaire_Réveillon;13/01/2006 10:20;2
Marsyas;Bonnet_phrygien;14/01/2006 02:05;324
Manalfer;Coup_d'État_du_18_fructidor_an_V;18/01/2006 02:55;5
ZeroJanvier;Caroline_chérie_(1951);21/01/2006 03:03;0
Brozouf;Alexandre_François_Marie_de_Beauharnais;21/01/2006 09:42;16
Brozouf;Alexandre_François_Marie_de_Beauharnais;21/01/2006 09:43;6
Brozouf;Alexandre_François_Marie_de_Beauharnais;21/01/2006 09:58;10
Brozouf;Alexandre_François_Marie_de_Beauharnais;21/01/2006 09:59;48
Brozouf;Alexandre_François_Marie_de_Beauharnais;21/01/2006 10:02;49
Hashar;Bon_Albert_Briois_de_Beaumetz;22/01/2006 03:20;18
Phe;Affaire_Réveillon;22/01/2006 12:01;9
Phe;Affaire_Réveillon;22/01/2006 12:03;46
Probot;Alexandre_François_Marie_de_Beauharnais;24/01/2006 08:14;814
Probot;Bon_Albert_Briois_de_Beaumetz;24/01/2006 08:35;142
Probot;Bon_Albert_Briois_de_Beaumetz;24/01/2006 09:55;140
Probot;Bon_Albert_Briois_de_Beaumetz;25/01/2006 09:15;2
Vargenau;Club_de_Salm;27/01/2006 02:23;103
Vargenau;Adoption_par_Louis_XVI_de_la_cocarde_tricolore;27/01/2006 03:42;32
Vargenau;Conspiration_de_Bicêtre;27/01/2006 05:18;91
Badmood;Bon_Albert_Briois_de_Beaumetz;27/01/2006 11:43;84
Badmood;Alexandre_François_Marie_de_Beauharnais;27/01/2006 12:06;73
82.124.29.133;André_Joseph_Abrial;28/01/2006 03:40;696
82.124.29.133;André_Joseph_Abrial;28/01/2006 03:40;2
82.124.29.133;André_Joseph_Abrial;28/01/2006 03:44;1
82.124.29.133;André_Joseph_Abrial;28/01/2006 03:44;1
Vargenau;Bataille_de_Cholet;28/01/2006 10:19;182
Vargenau;Complot_de_Charenton;29/01/2006 07:17;79
Vargenau;Complot_de_l'Œillet;29/01/2006 07:17;0
Vargenau;Complot_de_l'Œillet;29/01/2006 07:20;89
Vargenau;Coup_d'État_du_18_fructidor_an_V;29/01/2006 12:48;135
Vargenau;Conseil_exécutif_(Révolution_française);30/01/2006 09:01;99
Vicomte Moniot;Cocarde_tricolore;02/02/2006 05:08;519
Vicomte Moniot;Cocarde_tricolore;02/02/2006 05:09;4
Brozouf;Blancs_(Révolution_française);02/02/2006 08:10;261
Brozouf;Blancs_(Révolution_française);02/02/2006 08:11;17
Mwarf;Coup_d'État_du_18_fructidor_an_V;04/02/2006 05:01;14
Miniwark;Cocarde_tricolore;05/02/2006 10:30;57
Brozouf;Camille_Borghèse;05/02/2006 10:44;48
Brozouf;Camille_Borghèse;05/02/2006 10:48;208
Brozouf;Camille_Borghèse;05/02/2006 10:49;60
Brozouf;Camille_Borghèse;05/02/2006 10:53;338
Tensai;André_Joseph_Abrial;14/02/2006 06:46;48
Tensai;André_Joseph_Abrial;14/02/2006 07:04;53
Tensai;André_Joseph_Abrial;14/02/2006 07:04;2
Piku;Citoyen_actif;14/02/2006 09:39;5
Phe;Alexandre_François_Marie_de_Beauharnais;14/02/2006 11:45;2
PieRRoMaN;Citoyen_actif;20/02/2006 09:48;172
194.158.98.36;Conseil_exécutif_(Révolution_française);22/02/2006 10:35;758
194.158.98.36;Conseil_exécutif_(Révolution_française);22/02/2006 10:36;1
Richelieu;Bon_Albert_Briois_de_Beaumetz;24/02/2006 02:05;1920
Bruno Danielzik;Alexandre_François_Marie_de_Beauharnais;25/02/2006 01:05;2
Pautard;Club_de_1789;25/02/2006 08:17;455
Pautard;Club_de_1789;25/02/2006 08:19;27
Pautard;Club_de_1789;25/02/2006 08:21;27
Pautard;Club_de_1789;25/02/2006 08:22;47
Pautard;Club_de_1789;25/02/2006 08:24;17
Pautard;Club_de_1789;25/02/2006 08:26;20
Pautard;Club_de_1789;25/02/2006 08:28;30
Pautard;Club_de_1789;25/02/2006 08:30;25
Pautard;Club_de_1789;25/02/2006 08:32;23
Pautard;Club_de_1789;25/02/2006 08:33;39
Pautard;Club_de_1789;25/02/2006 08:39;23
Pautard;Club_de_1789;26/02/2006 09:19;24
Briling;Club_de_1789;11/03/2006 09:30;1234
John Keats 78;André_Joseph_Abrial;14/03/2006 08:42;36
GillesC;Bon_Albert_Briois_de_Beaumetz;15/03/2006 01:25;111
EDUCA33E;Contributions_directes;15/03/2006 03:46;3
82.124.191.160;Bonnet_phrygien;19/03/2006 06:50;118
Urban;Bonnet_phrygien;21/03/2006 05:52;51
Raoul75;André_Joseph_Abrial;30/03/2006 01:32;176
EDUCA33E;Complot_révolutionnaire_nantais_contre_les_modérés;11/04/2006 12:20;2
La Cigale;André_Joseph_Abrial;13/04/2006 06:20;10
Romary;Conseil_exécutif_(Révolution_française);15/04/2006 08:42;24
Romary;Certificat_de_civisme;16/04/2006 09:36;24
Loveless;Alexandre_François_Marie_de_Beauharnais;22/04/2006 09:56;9
Loveless;Camille_Borghèse;22/04/2006 10:10;9
Justelipse;Club_de_Salm;22/04/2006 11:39;34
Alexandrin;Bien_national;23/04/2006 08:21;45
Alexandrin;Citoyen_actif;23/04/2006 08:26;45
Alexandrin;Club_de_1789;23/04/2006 08:26;45
Alexandrin;Club_de_1789;23/04/2006 08:27;2
Alexandrin;Club_des_Impartiaux;23/04/2006 08:28;45
Loveless;André_Joseph_Abrial;23/04/2006 11:02;9
EDUCA33E;Blancs_(Révolution_française);23/04/2006 12:12;9
PieRRoBoT;Camille_Borghèse;24/04/2006 05:15;3
Polmars;Alexandre_François_Marie_de_Beauharnais;27/04/2006 03:24;1173
Papydenis;Bonnet_phrygien;01/05/2006 12:33;2
David Berardan;Cocarde_tricolore;03/05/2006 12:24;20
EDUCA33E;Alexandre_François_Marie_de_Beauharnais;06/05/2006 04:42;85
Polmars;Bon_Albert_Briois_de_Beaumetz;09/05/2006 01:01;176
Pedro Lassouras;Conspiration_de_Bicêtre;10/05/2006 10:22;13
Polmars;Alexandre_François_Marie_de_Beauharnais;15/05/2006 10:47;75
Polmars;Bon_Albert_Briois_de_Beaumetz;15/05/2006 10:52;157
Jerome66;Complot_de_l'Œillet;16/05/2006 08:42;2
Koyuki;Bon_Albert_Briois_de_Beaumetz;17/05/2006 08:45;22
Romary;Affaire_Réveillon;18/05/2006 07:54;19
194.250.98.243;1er_régiment_de_dragons;18/05/2006 12:09;412
Benjism89;André_Joseph_Abrial;19/05/2006 12:04;63
Serein;1er_régiment_de_dragons;20/05/2006 08:01;59
Serein;1er_régiment_de_dragons;20/05/2006 08:03;57
Serein;1er_régiment_de_dragons;20/05/2006 08:07;27
Serein;1er_régiment_de_dragons;20/05/2006 08:08;38
Hashar;André_Joseph_Abrial;21/05/2006 12:24;17
Fredbo28;1er_régiment_de_dragons;30/05/2006 04:57;31
Kilom691;Camille_Borghèse;30/05/2006 08:09;91
193.251.184.88;Adoption_par_Louis_XVI_de_la_cocarde_tricolore;02/06/2006 07:41;16
193.251.184.88;Adoption_par_Louis_XVI_de_la_cocarde_tricolore;02/06/2006 07:42;24
193.251.184.88;Adoption_par_Louis_XVI_de_la_cocarde_tricolore;02/06/2006 07:43;0
193.251.184.88;Adoption_par_Louis_XVI_de_la_cocarde_tricolore;02/06/2006 07:44;22
193.251.184.88;Adoption_par_Louis_XVI_de_la_cocarde_tricolore;02/06/2006 07:45;66
193.251.184.88;Adoption_par_Louis_XVI_de_la_cocarde_tricolore;02/06/2006 07:45;20
193.251.184.88;Adoption_par_Louis_XVI_de_la_cocarde_tricolore;02/06/2006 07:46;0
193.251.184.88;Adoption_par_Louis_XVI_de_la_cocarde_tricolore;02/06/2006 07:47;33
193.251.184.88;Adoption_par_Louis_XVI_de_la_cocarde_tricolore;02/06/2006 07:48;0
Anhkhoi;Bonnet_phrygien;03/06/2006 01:44;284
Bilou;1er_régiment_de_dragons;04/06/2006 08:49;81
Imz;Cocarde_tricolore;10/06/2006 02:06;2
YurikBot;Alexandre_François_Marie_de_Beauharnais;12/06/2006 11:14;3
Tibauk;Cocarde_tricolore;26/06/2006 10:04;17
Jpm2112;Camille_Borghèse;27/06/2006 05:37;2
Liquid-aim-bot;Citoyen_actif;28/06/2006 10:26;24
GillesC;Citoyen_actif;30/06/2006 10:03;31
Greudin;Bonnet_phrygien;02/07/2006 07:47;46
Félo;Alexandre_François_Marie_de_Beauharnais;03/07/2006 08:21;14
Fredbo28;1er_régiment_de_dragons;03/07/2006 09:37;1
FlaBot;Ci-devant;04/07/2006 01:59;18
Sylvain Mielot;1er_régiment_de_dragons;09/07/2006 04:12;14
Félo;Alexandre_François_Marie_de_Beauharnais;10/07/2006 09:23;4
Félo;Alexandre_François_Marie_de_Beauharnais;10/07/2006 09:24;8
Félo;Alexandre_François_Marie_de_Beauharnais;10/07/2006 09:26;3
Félo;Alexandre_François_Marie_de_Beauharnais;10/07/2006 09:26;0
Jerome66;Club_des_Impartiaux;14/07/2006 01:58;13
Eglantine5;Complot_de_l'Œillet;14/07/2006 10:44;26
Piotr Ilitch Tchaïkovski;Carle_Vernet;17/07/2006 09:03;397
Piotr Ilitch Tchaïkovski;Carle_Vernet;17/07/2006 09:07;114
Piotr Ilitch Tchaïkovski;Carle_Vernet;17/07/2006 09:07;21
RamaR;Ci-devant;18/07/2006 05:23;70
Itzcoalt;Complot_de_l'Œillet;20/07/2006 06:48;22
Itzcoalt;Complot_révolutionnaire_nantais_contre_les_modérés;20/07/2006 06:49;22
Le gorille;Baiser_Lamourette;27/07/2006 08:00;425
Sahara;Ci-devant;27/07/2006 08:05;66
Le gorille;Armée_de_l'Ouest;28/07/2006 12:43;340
Sahara;Contributions_directes;30/07/2006 07:49;30
86.212.82.195;Carle_Vernet;04/08/2006 02:38;38
86.212.82.195;Carle_Vernet;04/08/2006 02:42;38
Gribeco;Bonnet_phrygien;04/08/2006 03:57;61
PoM;Contributions_directes;06/08/2006 07:24;18
RobotQuistnix;Carle_Vernet;09/08/2006 04:34;37
Le gorille;Banqueroute_des_deux_tiers;10/08/2006 08:11;187
Jaucourt;Conseil_exécutif_(Révolution_française);17/08/2006 04:30;194
Jaucourt;Conseil_exécutif_(Révolution_française);17/08/2006 04:31;0
86.220.143.234;1er_régiment_de_dragons;18/08/2006 05:39;4
86.220.160.205;1er_régiment_de_dragons;20/08/2006 04:49;8
86.220.160.205;1er_régiment_de_dragons;20/08/2006 04:50;4
86.220.160.205;1er_régiment_de_dragons;20/08/2006 04:51;4
Le gorille;Charles_Antoine_Chasset;23/08/2006 02:07;722
Mbzt;Affaire_Réveillon;25/08/2006 12:17;96
Mbzt;Affaire_Réveillon;25/08/2006 12:21;289
GillesC;Citoyen_actif;29/08/2006 08:18;13
Leag;Conspiration_de_Bicêtre;31/08/2006 10:42;2
Kirtap;Carle_Vernet;06/09/2006 06:40;26
Piotr Ilitch Tchaïkovski;Carle_Vernet;06/09/2006 10:16;2
Papier K;Armée_de_l'Ouest;07/09/2006 08:58;16
Spooky;1er_régiment_de_dragons;11/09/2006 01:27;19
GillesC;1er_régiment_de_dragons;12/09/2006 11:30;18
Polmars;Bien_national;19/09/2006 09:19;625
Attis;Achille_Libéral_Treilhard;20/09/2006 07:01;1159
Attis;Achille_Libéral_Treilhard;20/09/2006 07:05;67
Attis;Achille_Libéral_Treilhard;20/09/2006 07:08;116
82.64.68.136;1er_régiment_de_dragons;21/09/2006 03:18;2
Justelipse;Achille_Libéral_Treilhard;23/09/2006 11:20;81
Attis;Achille_Libéral_Treilhard;24/09/2006 01:11;238
Attis;Achille_Libéral_Treilhard;24/09/2006 04:56;4
Badmood;Baiser_Lamourette;25/09/2006 03:01;1
GillesC;Achille_Libéral_Treilhard;25/09/2006 08:35;24
Attis;Achille_Libéral_Treilhard;26/09/2006 09:13;29
Urban;Conseil_exécutif_(Révolution_française);27/09/2006 07:45;25
Chaoborus;Club_de_1789;09/10/2006 04:33;1326
Raoul75;Auguste_Marie_Raymond_d'Arenberg;11/10/2006 02:09;973
Kyle the bot;Auguste_Marie_Raymond_d'Arenberg;14/10/2006 11:45;3
87.91.108.11;Caroline_chérie_(1951);16/10/2006 05:52;2024
83.203.246.209;Complot_de_l'Œillet;19/10/2006 09:24;13
Baronnet;Alexandre_François_Marie_de_Beauharnais;23/10/2006 08:16;2
90.3.198.103;Caroline_chérie_(1951);25/10/2006 08:46;2641
90.3.198.103;Caroline_chérie_(1951);25/10/2006 08:47;4
86.212.193.123;Caroline_chérie_(1951);26/10/2006 01:49;1
86.212.193.123;Caroline_chérie_(1951);26/10/2006 01:49;1
86.212.130.153;Caroline_chérie_(1951);26/10/2006 02:48;24
86.212.130.153;Caroline_chérie_(1951);26/10/2006 02:49;2
Romanc19s;Complot_révolutionnaire_nantais_contre_les_modérés;26/10/2006 05:46;2
87.91.108.11;Caroline_chérie_(1951);27/10/2006 06:31;743
87.91.108.11;Caroline_chérie_(1951);27/10/2006 06:32;10
87.91.108.11;Caroline_chérie_(1951);27/10/2006 06:36;325
86.212.199.55;Caroline_chérie_(1951);29/10/2006 03:29;52
Paternel 1;Carle_Vernet;31/10/2006 01:32;12
82.234.44.9;Bonnet_phrygien;31/10/2006 07:25;225
Brozouf;Alexandre_François_Marie_de_Beauharnais;04/11/2006 10:20;117
Brozouf;Alexandre_François_Marie_de_Beauharnais;05/11/2006 02:09;1
Kilom691;Carle_Vernet;05/11/2006 07:38;28
Kilom691;Carle_Vernet;05/11/2006 07:43;51
Nico86;Coup_d'État_du_18_fructidor_an_V;12/11/2006 09:42;24
Nico86;Coup_d'État_du_18_fructidor_an_V;12/11/2006 09:48;4
Papier K;Coup_d'État_du_18_fructidor_an_V;14/11/2006 09:09;82
Alexandrin;Affaire_Réveillon;15/11/2006 02:41;32
Raoul75;Auguste_Marie_Raymond_d'Arenberg;15/11/2006 04:04;59
Ollamh;André_Joseph_Abrial;21/11/2006 11:12;30
Sand;Bonnet_phrygien;22/11/2006 12:08;56
Sand;Bonnet_phrygien;23/11/2006 09:45;17
Sand;Bonnet_phrygien;25/11/2006 02:39;16
86.195.200.175;Caroline_chérie_(1951);29/11/2006 04:33;1311
Sbi;Comité_d'instruction_publique;04/12/2006 05:13;2
GillesC;Adoption_par_Louis_XVI_de_la_cocarde_tricolore;04/12/2006 09:33;29
Escarbot;Bonnet_phrygien;10/12/2006 07:10;23
Escarbot;Affaire_Réveillon;10/12/2006 07:14;6
Encolpe;Adoption_par_Louis_XVI_de_la_cocarde_tricolore;10/12/2006 10:46;24
Nouky-and-co;Accapareurs;11/12/2006 08:12;699
Cqui;Contributions_directes;13/12/2006 10:36;373
Cqui;Contributions_directes;13/12/2006 10:44;366
Cqui;Contributions_directes;13/12/2006 10:46;357
Cqui;Contributions_directes;13/12/2006 10:47;2
Cqui;Contributions_directes;13/12/2006 10:48;10
Romanc19s;Conspiration_de_Bicêtre;14/12/2006 07:23;2
Archeos;Contributions_directes;15/12/2006 05:57;98
Cqui;Contributions_directes;15/12/2006 06:13;19
Archeos;Contributions_directes;15/12/2006 11:45;77
Sand;Bonnet_phrygien;18/12/2006 01:21;88
83.254.153.135;Alexandre_François_Marie_de_Beauharnais;18/12/2006 03:43;33
195.221.62.136;Bataille_de_Cholet;21/12/2006 03:26;4
195.221.62.136;Bataille_de_Cholet;21/12/2006 03:27;2
Escaladix;Bataille_de_Cholet;21/12/2006 03:27;0
Philippenusbaumer;Carle_Vernet;25/12/2006 09:59;125
209.130.195.126;Accapareurs;27/12/2006 09:07;7
Rei-bot;Bonnet_phrygien;29/12/2006 10:16;16
Solveig;Accapareurs;30/12/2006 07:28;139
Kyle the bot;Carle_Vernet;31/12/2006 08:35;37
Keriluamox;Corps_législatif_(Consulat_et_Premier_Empire);01/01/2007 08:49;1122
Keriluamox;Corps_législatif_(Consulat_et_Premier_Empire);01/01/2007 08:54;67
Keriluamox;Corps_législatif_(Consulat_et_Premier_Empire);01/01/2007 09:30;137
Keriluamox;Corps_législatif_(Consulat_et_Premier_Empire);01/01/2007 10:10;10
Groumfy69;Adoption_par_Louis_XVI_de_la_cocarde_tricolore;02/01/2007 03:37;46
Wissenz;Adoption_par_Louis_XVI_de_la_cocarde_tricolore;03/01/2007 05:59;39
Parisette;Coup_d'État_du_18_fructidor_an_V;04/01/2007 04:30;14
Escarbot;André_Joseph_Abrial;04/01/2007 09:43;4
Brozouf;Bataille_de_Cholet;10/01/2007 10:08;24
Brozouf;Bataille_de_Cholet;10/01/2007 10:09;520
Brozouf;Bataille_de_Cholet;10/01/2007 10:12;525
Brozouf;Bataille_de_Cholet;10/01/2007 10:31;261
Brozouf;Bataille_de_Cholet;11/01/2007 06:31;19
Archeos;Bonnet_phrygien;12/01/2007 10:44;556
Archeos;Bonnet_phrygien;12/01/2007 10:45;10
Archeos;Bonnet_phrygien;13/01/2007 01:53;200
MyBot;Caroline_chérie_(1951);13/01/2007 09:13;8
75.72.158.173;Camille_Borghèse;16/01/2007 10:02;41
83.156.170.20;Bonnet_phrygien;21/01/2007 09:54;708
Laurent Nguyen;Bonnet_phrygien;21/01/2007 10:04;0
Khaerr;Bataille_de_Cholet;22/01/2007 04:03;27
Archeos;Bataille_de_Cholet;23/01/2007 04:55;24
Markus3;1er_régiment_de_dragons;28/01/2007 09:49;8
Pedro Lassouras;Caroline_chérie_(1951);01/02/2007 02:26;47
Pgreenfinch;Accapareurs;02/02/2007 08:24;4
Samsa;1er_régiment_de_dragons;02/02/2007 12:38;9
Thedreamstree;Accapareurs;04/02/2007 03:14;71
Khaerr;Bataille_de_Cholet;05/02/2007 06:30;297
Archeos;Armée_de_l'Ouest;06/02/2007 01:48;213
Archeos;Bataille_de_Cholet;06/02/2007 01:54;281
Khaerr;Bataille_de_Cholet;06/02/2007 10:25;27
Khaerr;Bataille_de_Cholet;06/02/2007 10:26;40
Idioma-bot;Bonnet_phrygien;10/02/2007 03:53;16
Escarbot;Accapareurs;11/02/2007 03:06;2
GillesC;Achille_Libéral_Treilhard;12/02/2007 09:56;10
Zawer;Complot_révolutionnaire_nantais_contre_les_modérés;14/02/2007 01:05;1
88.123.140.123;Benjamin_Zix;14/02/2007 09:56;197
Kirtap;Benjamin_Zix;15/02/2007 10:52;32
Philippenusbaumer;Benjamin_Zix;15/02/2007 11:03;961
Aymeric78;Coup_d'État_du_18_fructidor_an_V;16/02/2007 05:54;811
Zelda;Accapareurs;19/02/2007 08:55;6
Thijs!bot;Carle_Vernet;21/02/2007 07:39;37
Liquid-aim-bot;Accapareurs;22/02/2007 12:25;12
Keriluamox;Corps_législatif_(Consulat_et_Premier_Empire);25/02/2007 10:10;32
DodekBot;Ci-devant;27/02/2007 02:32;17
Éclusette;Caroline_chérie_(1951);28/02/2007 02:53;20
NicoV;Conseil_exécutif_(Révolution_française);01/03/2007 07:08;31
Chicobot;Caroline_chérie_(1951);01/03/2007 10:25;17
Pedro Lassouras;Club_de_1789;04/03/2007 03:25;26
Pedro Lassouras;André_Joseph_Abrial;04/03/2007 03:34;14
PieRRoBoT;Bataille_de_Cholet;05/03/2007 12:14;7
Pedro Lassouras;Club_de_1789;08/03/2007 10:25;64
Pedro Lassouras;Club_des_Impartiaux;08/03/2007 10:28;10
Babskwal M;Affaire_Réveillon;09/03/2007 09:31;10
90.19.154.11;Citoyen_actif;12/03/2007 05:05;199
90.19.154.11;Citoyen_actif;12/03/2007 05:12;204
Medium69;Citoyen_actif;12/03/2007 07:38;0
Jastrow;Camille_Borghèse;18/03/2007 01:57;44
Chicobot;Caroline_chérie_(1951);22/03/2007 10:30;13
83.204.247.8;Certificat_de_civisme;24/03/2007 03:51;2
83.204.247.8;Certificat_de_civisme;24/03/2007 03:52;0
Polaert;Coup_d'État_du_18_fructidor_an_V;25/03/2007 01:27;26
RobotQuistnix;Bien_national;25/03/2007 10:56;22
Philip;Bataille_de_Cholet;28/03/2007 01:33;20
Néfermaât;1er_régiment_de_dragons;30/03/2007 07:03;45
Manchot;Carle_Vernet;30/03/2007 10:49;7
168.226.106.121;Bonnet_phrygien;01/04/2007 01:49;69
Sand;Bonnet_phrygien;01/04/2007 05:25;0
Thijs!bot;Bonnet_phrygien;02/04/2007 03:54;34
Chicobot;Caroline_chérie_(1951);06/04/2007 06:43;19
Sand;Bonnet_phrygien;10/04/2007 06:44;61
Chicobot;Caroline_chérie_(1951);10/04/2007 08:12;9
Nono le petit robot;Bonnet_phrygien;13/04/2007 01:55;23
Chicobot;Accapareurs;28/04/2007 07:12;43
Chicobot;Adoption_par_Louis_XVI_de_la_cocarde_tricolore;28/04/2007 07:12;34
Chicobot;Affaire_Réveillon;28/04/2007 07:13;34
Chicobot;Alexandre_François_Marie_de_Beauharnais;28/04/2007 07:14;34
Chicobot;André_Joseph_Abrial;28/04/2007 07:17;34
Chicobot;Armée_de_l'Ouest;28/04/2007 07:27;43
Chicobot;Auguste_Marie_Raymond_d'Arenberg;28/04/2007 07:31;34
Chicobot;Baiser_Lamourette;28/04/2007 07:32;34
Chicobot;Banqueroute_des_deux_tiers;28/04/2007 07:32;34
Chicobot;Bataille_de_Cholet;28/04/2007 07:34;29
Chicobot;Bien_national;28/04/2007 07:38;34
Chicobot;Blancs_(Révolution_française);28/04/2007 07:38;34
Chicobot;Bon_Albert_Briois_de_Beaumetz;28/04/2007 07:39;34
Chicobot;Bonnet_phrygien;28/04/2007 07:39;43
Chicobot;Caroline_chérie_(1951);28/04/2007 07:40;43
Chicobot;Certificat_de_civisme;28/04/2007 07:40;34
Chicobot;Charles_Antoine_Chasset;28/04/2007 07:50;34
Chicobot;Ci-devant;28/04/2007 07:57;34
Chicobot;Citoyen_actif;28/04/2007 07:57;34
Chicobot;Club_de_1789;28/04/2007 08:02;1411
Chicobot;Club_de_Salm;28/04/2007 08:02;34
Chicobot;Club_des_Impartiaux;28/04/2007 08:02;34
Chicobot;Comité_d'instruction_publique;28/04/2007 08:03;34
Chicobot;Complot_de_Charenton;28/04/2007 08:05;34
Chicobot;Complot_de_l'Œillet;28/04/2007 08:05;34
Chicobot;Complot_révolutionnaire_nantais_contre_les_modérés;28/04/2007 08:05;34
Chicobot;Conseil_exécutif_(Révolution_française);28/04/2007 08:06;34
Chicobot;Conspiration_de_Bicêtre;28/04/2007 08:06;34
Chicobot;Coup_d'État_du_18_fructidor_an_V;28/04/2007 08:07;34
Chicobot;Club_de_1789;28/04/2007 10:33;34
Chicobot;Corps_législatif_(Consulat_et_Premier_Empire);29/04/2007 03:39;29
Chicobot;Achille_Libéral_Treilhard;29/04/2007 10:38;34
Chicobot;Benjamin_Zix;29/04/2007 10:41;34
Chicobot;Camille_Borghèse;29/04/2007 10:41;34
RobotQuistnix;Bonnet_phrygien;30/04/2007 01:11;23
Loveless;Bonnet_phrygien;06/05/2007 02:17;26
90.0.95.190;Bonnet_phrygien;09/05/2007 11:29;98
Fredbo28;1er_régiment_de_dragons;18/05/2007 07:54;93
Alexandrin;Affaire_Réveillon;20/05/2007 03:52;42
Alexandrin;Affaire_Réveillon;20/05/2007 05:14;12
AlleborgoBot;Carle_Vernet;21/05/2007 07:09;37
Louperibot;Bonnet_phrygien;25/05/2007 04:17;24
Jaucourt;Carle_Vernet;27/05/2007 03:34;9
Symposiarch;Alexandre_François_Marie_de_Beauharnais;30/05/2007 08:38;28
Chicobot;Caroline_chérie_(1951);30/05/2007 11:21;5
Attis;Complot_révolutionnaire_nantais_contre_les_modérés;31/05/2007 03:08;28
Attis;Complot_révolutionnaire_nantais_contre_les_modérés;01/06/2007 11:40;27
151.73.120.100;André_Joseph_Abrial;09/06/2007 04:01;28
Gene.arboit;Bonnet_phrygien;12/06/2007 02:18;231
Gene.arboit;Bonnet_phrygien;12/06/2007 02:19;4
Macarrones;Coup_d'État_du_18_fructidor_an_V;13/06/2007 08:31;54
Khaerr;12e_régiment_de_hussards;14/06/2007 01:00;1312
Khaerr;11e_régiment_de_hussards_(France);14/06/2007 01:40;1343
Khaerr;11e_régiment_de_hussards_(France);14/06/2007 01:40;68
Khaerr;12e_régiment_de_hussards;14/06/2007 03:56;50
Khaerr;13e_régiment_de_hussards;14/06/2007 03:56;50
Khaerr;11e_régiment_de_hussards_(France);14/06/2007 03:57;50
Fredbo28;11e_régiment_de_hussards_(France);14/06/2007 07:20;99
Fredbo28;12e_régiment_de_hussards;14/06/2007 07:22;88
Fredbo28;10e_régiment_de_hussards;14/06/2007 07:23;26
Fredbo28;13e_régiment_de_hussards;14/06/2007 07:24;30
Khaerr;13e_régiment_de_hussards;14/06/2007 12:29;1373
Khaerr;10e_régiment_de_hussards;14/06/2007 12:49;1195
62.63.80.22;Conseil_exécutif_(Révolution_française);17/06/2007 09:00;34
Ptyx;Bonnet_phrygien;18/06/2007 06:46;805
Fredbo28;Alexandre_François_Marie_de_Beauharnais;23/06/2007 04:44;61
Catalysebot;Bataille_de_Cholet;23/06/2007 07:52;22
LPLT;Affaire_Réveillon;24/06/2007 05:14;325
Khaerr;10e_régiment_de_hussards;27/06/2007 01:59;530
SieBot;Bonnet_phrygien;06/07/2007 03:48;19
Jaucourt;Club_de_1789;09/07/2007 05:04;136
Nanceio;Affaire_de_Nancy;11/07/2007 09:10;171
Meodudlye;Affaire_de_Nancy;14/07/2007 05:11;9
Nanceio;Affaire_de_Nancy;14/07/2007 08:22;78
Nanceio;Affaire_de_Nancy;14/07/2007 08:22;4
80.118.33.228;Affaire_de_Nancy;17/07/2007 10:10;63
Estebanlenormand;Alexandre_François_Marie_de_Beauharnais;19/07/2007 07:35;944
Nanceio;Affaire_de_Nancy;21/07/2007 09:19;37
Musso;Coup_d'État_du_18_fructidor_an_V;23/07/2007 09:46;181
Musso;Coup_d'État_du_18_fructidor_an_V;23/07/2007 09:47;19
TiChou;Bataille_de_Cholet;26/07/2007 10:19;18
Musso;Coup_d'État_du_18_fructidor_an_V;27/07/2007 06:09;48
Châtillon;Bonnet_phrygien;30/07/2007 05:13;149
91.164.76.53;Carle_Vernet;30/07/2007 06:48;217
Polmars;Complot_de_l'Œillet;30/07/2007 08:01;72
83.152.86.142;1er_régiment_de_dragons;30/07/2007 09:01;75
83.152.86.142;1er_régiment_de_dragons;30/07/2007 09:04;38
91.164.76.158;Carle_Vernet;31/07/2007 08:54;26
81.220.243.109;Carle_Vernet;04/08/2007 07:41;872
Ollamh;Bonnet_phrygien;04/08/2007 09:55;6
Davric;10e_régiment_de_hussards;05/08/2007 04:10;96
Davric;1er_régiment_de_dragons;05/08/2007 06:26;80
Erabot;Bon_Albert_Briois_de_Beaumetz;05/08/2007 10:15;24
Erabot;Bonnet_phrygien;05/08/2007 10:16;23
Badmood;Charles_Antoine_Chasset;06/08/2007 07:44;233
Badmood;Achille_Libéral_Treilhard;07/08/2007 02:59;206
Quasar-Hfo4;Alexandre_François_Marie_de_Beauharnais;07/08/2007 04:31;3
Quasar-Hfo4;Alexandre_François_Marie_de_Beauharnais;07/08/2007 04:31;2
Fredbo28;Alexandre_François_Marie_de_Beauharnais;07/08/2007 05:00;9
Badmood;Bon_Albert_Briois_de_Beaumetz;07/08/2007 07:54;203
Badmood;Camille_Borghèse;08/08/2007 08:45;120
Badmood;André_Joseph_Abrial;09/08/2007 02:15;52
Huster;Affaire_de_Nancy;09/08/2007 03:35;5
Badmood;Benjamin_Zix;09/08/2007 04:40;87
Khaerr;Bataille_de_Cholet;09/08/2007 06:12;6
Badmood;Carle_Vernet;09/08/2007 08:55;156
Eusebius;Affaire_de_Nancy;15/08/2007 08:29;39
Eusebius;Affaire_de_Nancy;15/08/2007 08:30;68
Eusebius;Affaire_de_Nancy;15/08/2007 08:35;289
82.127.252.53;Contributions_directes;18/08/2007 04:03;21
Estebanlenormand;André_Joseph_Abrial;18/08/2007 08:56;48
Fredbo28;10e_régiment_de_hussards;20/08/2007 08:28;13
86.198.223.234;Chouans_!;21/08/2007 06:04;559
86.198.223.234;Chouans_!;21/08/2007 06:16;384
86.198.223.234;Chouans_!;21/08/2007 06:17;33
86.198.223.234;Chouans_!;21/08/2007 06:17;8
86.198.223.234;Chouans_!;21/08/2007 06:17;10
86.198.223.234;Chouans_!;21/08/2007 06:18;25
Khaerr;Bataille_de_Cholet;26/08/2007 05:47;121
83.252.93.33;Coup_d'État_du_18_fructidor_an_V;27/08/2007 08:04;2
Fredbo28;1er_régiment_de_dragons;29/08/2007 10:01;153
Orthodingue;Affaire_de_Nancy;04/09/2007 01:47;2
Orthodingue;Affaire_de_Nancy;04/09/2007 10:35;16
Eusebius;Affaire_de_Nancy;04/09/2007 10:56;22
86.198.223.96;Chouans_!;05/09/2007 01:31;11
86.198.223.96;Chouans_!;05/09/2007 01:32;9
Orthodingue;Affaire_de_Nancy;06/09/2007 04:36;35
Furmeyer;Bataille_de_Cholet;10/09/2007 04:50;28
Furmeyer;Bataille_de_Cholet;10/09/2007 04:53;101
Furmeyer;Bataille_de_Cholet;11/09/2007 10:33;2
Brunehaut;Carle_Vernet;12/09/2007 07:40;39
Massoni;13e_régiment_de_hussards;15/09/2007 02:52;29
KelBot;13e_régiment_de_hussards;15/09/2007 06:27;8
Massoni;10e_régiment_de_hussards;15/09/2007 07:39;386
Massoni;10e_régiment_de_hussards;15/09/2007 07:42;133
Massoni;11e_régiment_de_hussards_(France);15/09/2007 07:50;332
Massoni;12e_régiment_de_hussards;15/09/2007 07:59;517
Massoni;13e_régiment_de_hussards;15/09/2007 08:06;447
Massoni;13e_régiment_de_hussards;15/09/2007 08:07;21
Massoni;13e_régiment_de_hussards;15/09/2007 08:08;3
Massoni;13e_régiment_de_hussards;15/09/2007 08:10;146
Massoni;10e_régiment_de_hussards;15/09/2007 10:03;3
Massoni;10e_régiment_de_hussards;15/09/2007 10:06;201
Massoni;10e_régiment_de_hussards;15/09/2007 10:06;4
Serein;10e_régiment_de_hussards;15/09/2007 10:07;24
Massoni;10e_régiment_de_hussards;15/09/2007 10:08;51
Massoni;11e_régiment_de_hussards_(France);15/09/2007 10:12;200
Massoni;11e_régiment_de_hussards_(France);15/09/2007 10:12;24
AlleborgoBot;Bataille_de_Cholet;18/09/2007 12:43;27
Robbot;Bonnet_phrygien;18/09/2007 12:52;34
Stanlekub;Caroline_chérie_(1951);23/09/2007 05:33;35
MMBot;10e_régiment_de_hussards;24/09/2007 03:59;2
MMBot;11e_régiment_de_hussards_(France);24/09/2007 06:31;5
MMBot;12e_régiment_de_hussards;24/09/2007 09:15;1
MMBot;13e_régiment_de_hussards;24/09/2007 11:44;1
Venividi;1er_régiment_de_dragons;25/09/2007 06:49;13
GillesC;11e_régiment_de_hussards_(France);27/09/2007 08:31;22
GillesC;Carle_Vernet;27/09/2007 08:32;22
Alain Schneider;Alexandre_François_Marie_de_Beauharnais;28/09/2007 08:58;1
Massoni;1er_régiment_de_dragons;30/09/2007 01:37;385
Massoni;1er_régiment_de_dragons;30/09/2007 01:44;637
Massoni;1er_régiment_de_dragons;30/09/2007 01:45;23
Massoni;1er_régiment_de_dragons;30/09/2007 01:48;12
Massoni;1er_régiment_de_dragons;30/09/2007 01:49;62
Massoni;1er_régiment_de_dragons;30/09/2007 01:50;6
Massoni;1er_régiment_de_dragons;30/09/2007 01:53;229
Massoni;1er_régiment_de_dragons;30/09/2007 01:53;4
Massoni;1er_régiment_de_dragons;30/09/2007 01:55;4
Massoni;1er_régiment_de_dragons;30/09/2007 01:58;46
Massoni;1er_régiment_de_dragons;30/09/2007 01:59;12
Massoni;1er_régiment_de_dragons;30/09/2007 02:05;249
Massoni;1er_régiment_de_dragons;30/09/2007 02:10;420
Massoni;1er_régiment_de_dragons;30/09/2007 02:12;84
Massoni;10e_régiment_de_hussards;30/09/2007 02:13;24
Massoni;10e_régiment_de_hussards;30/09/2007 02:14;18
Massoni;1er_régiment_de_dragons;30/09/2007 02:15;109
MMBot;Adoption_par_Louis_XVI_de_la_cocarde_tricolore;30/09/2007 06:50;1
MMBot;Affaire_Réveillon;30/09/2007 08:26;2
Sherbrooke;Bonnet_phrygien;01/10/2007 04:36;21
Massoni;1er_régiment_de_dragons;01/10/2007 09:59;9
Massoni;1er_régiment_de_dragons;01/10/2007 09:59;13
Ollamh;Benjamin_Zix;02/10/2007 12:24;17
Néfermaât;1er_régiment_de_dragons;06/10/2007 08:30;312
Jaucourt;Carle_Vernet;07/10/2007 04:47;442
SieBot;Camille_Borghèse;07/10/2007 05:02;24
193.251.203.108;13e_régiment_de_hussards;07/10/2007 07:18;274
Attis;Antoine_Banassat;07/10/2007 08:42;1219
MMBot;André_Joseph_Abrial;10/10/2007 04:14;22
86.212.52.231;Coup_d'État_du_18_fructidor_an_V;12/10/2007 06:17;80
86.212.52.231;Coup_d'État_du_18_fructidor_an_V;12/10/2007 06:25;191
86.212.52.231;Coup_d'État_du_18_fructidor_an_V;12/10/2007 06:29;66
Symposiarch;Alexandre_François_Marie_de_Beauharnais;18/10/2007 08:55;32
Louperibot;Bonnet_phrygien;20/10/2007 01:03;9
Attis;Affaire_du_camp_de_Grenelle;22/10/2007 05:58;3656
O. Morand;Loi_du_28_pluviôse_an_VIII;23/10/2007 10:28;5117
Attis;Affaire_du_camp_de_Grenelle;23/10/2007 11:38;92
Attis;Affaire_du_camp_de_Grenelle;23/10/2007 11:43;28
Attis;Affaire_du_camp_de_Grenelle;23/10/2007 11:44;2
Attis;Affaire_du_camp_de_Grenelle;23/10/2007 11:45;17
Attis;Affaire_du_camp_de_Grenelle;23/10/2007 11:50;471
GillesC;1er_régiment_de_dragons;25/10/2007 01:53;136
Duch;Complot_révolutionnaire_nantais_contre_les_modérés;25/10/2007 05:34;18
Nias;12e_régiment_de_hussards;26/10/2007 09:26;246
201.2.254.194;Alexandre_François_Marie_de_Beauharnais;30/10/2007 01:27;32
Scoubidou75;Carle_Vernet;02/11/2007 04:23;29
Scoubidou75;Carle_Vernet;02/11/2007 04:25;28
Scoubidou75;Carle_Vernet;04/11/2007 06:20;84
Scoubidou75;Carle_Vernet;04/11/2007 06:20;6
Scoubidou75;Carle_Vernet;04/11/2007 06:22;46
Scoubidou75;Carle_Vernet;04/11/2007 06:26;20
83.177.247.37;Loi_du_28_pluviôse_an_VIII;04/11/2007 11:29;2
Richelieu;Alexandre_François_Marie_de_Beauharnais;07/11/2007 02:32;195
Richelieu;Alexandre_François_Marie_de_Beauharnais;07/11/2007 02:34;67
Clémentsf;1er_régiment_de_dragons;07/11/2007 09:16;1282
Le Pied-bot;Citoyen_actif;08/11/2007 04:23;33
Le Pied-bot;Conseil_exécutif_(Révolution_française);08/11/2007 04:24;33
Le Pied-bot;Baiser_Lamourette;08/11/2007 06:08;33
Polmars;Club_des_Impartiaux;08/11/2007 07:08;32
Polmars;Club_de_1789;08/11/2007 07:12;34
Scoubidou75;Carle_Vernet;08/11/2007 10:00;32
Scoubidou75;Carle_Vernet;08/11/2007 10:01;18
Scoubidou75;Carle_Vernet;08/11/2007 10:26;2
77.193.214.77;Chouans_!;10/11/2007 01:31;64
Luzmael;Affaire_du_camp_de_Grenelle;10/11/2007 04:55;438
Jplm;Caroline_chérie_(1951);10/11/2007 10:10;48
Polmars;Affaire_Réveillon;10/11/2007 11:19;54
Attis;Affaire_du_camp_de_Grenelle;11/11/2007 02:35;202
Venividi;1er_régiment_de_dragons;11/11/2007 06:10;378
Zorrobot;Bonnet_phrygien;11/11/2007 08:36;19
RD47;1er_régiment_de_dragons;11/11/2007 12:05;3
Attis;Affaire_du_camp_de_Grenelle;11/11/2007 12:32;22
Attis;Affaire_du_camp_de_Grenelle;11/11/2007 12:35;11
Peng;Benjamin_Zix;13/11/2007 04:36;20
90.12.52.247;Bien_national;18/11/2007 09:32;3
Ga-massoni;11e_régiment_de_hussards_(France);24/11/2007 03:52;4
Godix;Charles_Antoine_Chasset;25/11/2007 02:50;1142
Godix;Charles_Antoine_Chasset;25/11/2007 02:52;10
Godix;Charles_Antoine_Chasset;25/11/2007 02:52;3
ZiziBot;13e_régiment_de_hussards;25/11/2007 04:26;60
DeepBot;13e_régiment_de_hussards;25/11/2007 06:22;38
Fredbo28;11e_régiment_de_hussards_(France);26/11/2007 09:43;742
Fredbo28;13e_régiment_de_hussards;28/11/2007 06:00;722
Fredbo28;13e_régiment_de_hussards;28/11/2007 06:01;86
Khaerr;Chouans_!;29/11/2007 12:15;69
Orbi Fontes;Coup_d'État_du_18_fructidor_an_V;01/12/2007 07:54;6
Orbi Fontes;Coup_d'État_du_18_fructidor_an_V;01/12/2007 07:58;125
Orbi Fontes;Coup_d'État_du_18_fructidor_an_V;01/12/2007 08:00;19
Orbi Fontes;Coup_d'État_du_18_fructidor_an_V;01/12/2007 08:08;64
Escarbot;André_Joseph_Abrial;02/12/2007 02:09;0
Fredbo28;12e_régiment_de_hussards;02/12/2007 04:55;788
Ga-massoni;12e_régiment_de_hussards;02/12/2007 09:21;1
Ga-massoni;12e_régiment_de_hussards;02/12/2007 09:24;178
Jhc;Certificat_de_civisme;05/12/2007 02:49;30
Stéphane33;Charles_Antoine_Chasset;08/12/2007 09:17;25
83.194.143.61;1er_régiment_de_dragons;09/12/2007 06:29;35
Fredbo28;1er_régiment_de_dragons;09/12/2007 11:53;1113
Fredbo28;1er_régiment_de_dragons;09/12/2007 11:55;1
Dauphiné;Armée_de_l'Ouest;10/12/2007 11:14;4111
Dauphiné;Armée_de_l'Ouest;10/12/2007 11:22;880
Fredbo28;1er_régiment_de_dragons;11/12/2007 08:27;35
Fredbo28;13e_régiment_de_hussards;11/12/2007 08:30;33
Matrix76;Auguste_Marie_Raymond_d'Arenberg;13/12/2007 01:21;38
Ga-massoni;10e_régiment_de_hussards;16/12/2007 03:33;113
Ga-massoni;10e_régiment_de_hussards;16/12/2007 03:35;59
Ga-massoni;10e_régiment_de_hussards;16/12/2007 03:43;442
Ga-massoni;12e_régiment_de_hussards;16/12/2007 03:51;231
NicoV;Complot_de_Charenton;17/12/2007 09:02;31
Fredbo28;10e_régiment_de_hussards;17/12/2007 10:24;1806
83.145.66.178;Affaire_Réveillon;18/12/2007 09:51;7
JoseREMY;Armée_de_l'Ouest;21/12/2007 12:30;24
Le Pied-bot;Alexandre_François_Marie_de_Beauharnais;22/12/2007 11:02;1
Richelieu;Alexandre_François_Marie_de_Beauharnais;27/12/2007 06:43;444
Richelieu;Alexandre_François_Marie_de_Beauharnais;27/12/2007 07:09;69
RobotQuistnix;Bonnet_phrygien;28/12/2007 07:41;20
EVula;Camille_Borghèse;29/12/2007 01:21;59
Ga-massoni;13e_régiment_de_hussards;30/12/2007 01:05;111
Ga-massoni;13e_régiment_de_hussards;30/12/2007 01:06;19
Ga-massoni;10e_régiment_de_hussards;30/12/2007 02:26;43
83.202.19.25;Coup_d'État_du_18_fructidor_an_V;30/12/2007 06:27;61
Ga-massoni;10e_régiment_de_hussards;30/12/2007 08:15;13
Ga-massoni;10e_régiment_de_hussards;30/12/2007 08:16;93
Ga-massoni;10e_régiment_de_hussards;30/12/2007 08:17;14
Ga-massoni;12e_régiment_de_hussards;30/12/2007 08:22;29
Ga-massoni;12e_régiment_de_hussards;30/12/2007 08:31;323
Ga-massoni;12e_régiment_de_hussards;30/12/2007 08:36;177
Pontarlier;Charles_Antoine_Chasset;30/12/2007 12:01;62
Ga-massoni;12e_régiment_de_hussards;30/12/2007 12:58;67
Ga-massoni;13e_régiment_de_hussards;30/12/2007 12:59;67
Fredbo28;13e_régiment_de_hussards;31/12/2007 11:35;60
Fredbo28;13e_régiment_de_hussards;31/12/2007 11:37;24
Pontarlier;Coup_d'État_du_18_fructidor_an_V;04/01/2008 02:52;34
Jaucourt;Coup_d'État_du_18_fructidor_an_V;05/01/2008 05:58;1
Mythe;Caroline_chérie_(1951);06/01/2008 12:35;52
Shaddam 5;Alexandre_François_Marie_de_Beauharnais;07/01/2008 02:16;69
Shaddam 5;Alexandre_François_Marie_de_Beauharnais;07/01/2008 02:16;71
Arnaud.Serander;1er_régiment_de_dragons;07/01/2008 10:18;30
Khaerr;Armée_de_l'Ouest;09/01/2008 01:14;368
DumZiBoT;Citoyen_actif;09/01/2008 05:59;39
Daniel*D;Charles_Antoine_Chasset;09/01/2008 12:13;0
Daniel*D;Charles_Antoine_Chasset;09/01/2008 12:24;264
Sammyday;Alexandre_François_Marie_de_Beauharnais;10/01/2008 02:43;549
Sammyday;Camille_Borghèse;10/01/2008 04:42;16
Attis;Achille_Libéral_Treilhard;15/01/2008 03:03;16
GillesC;Armée_de_l'Ouest;17/01/2008 02:40;19
Shaddam 5;Benjamin_Zix;17/01/2008 08:48;16
Shaddam 5;Camille_Borghèse;17/01/2008 08:58;16
Heurtelions;Citoyen_actif;20/01/2008 02:20;817
Kilom691;Benjamin_Zix;27/01/2008 01:30;1
DumZiBoT;Complot_révolutionnaire_nantais_contre_les_modérés;30/01/2008 03:41;32
GillesC;11e_régiment_de_hussards_(France);31/01/2008 05:54;20
GillesC;12e_régiment_de_hussards;31/01/2008 05:55;20
GillesC;Carle_Vernet;31/01/2008 05:58;20
DumZiBoT;Accapareurs;03/02/2008 08:24;2
Hercule;Achille_Libéral_Treilhard;03/02/2008 09:58;30
DumZiBoT;Corps_législatif_(Consulat_et_Premier_Empire);03/02/2008 10:48;79
DumZiBoT;10e_régiment_de_hussards;04/02/2008 08:15;2
DumZiBoT;12e_régiment_de_hussards;04/02/2008 08:15;2
DumZiBoT;13e_régiment_de_hussards;04/02/2008 08:15;2
DumZiBoT;11e_régiment_de_hussards_(France);04/02/2008 08:16;2
DumZiBoT;Affaire_de_Nancy;05/02/2008 11:19;2
Vervin;Chouans_!;06/02/2008 08:11;22
DumZiBoT;Ci-devant;08/02/2008 10:42;2
DumZiBoT;Citoyen_actif;10/02/2008 03:45;16
WikiCleanerBot;Citoyen_actif;10/02/2008 11:34;11
DumZiBoT;Bien_national;10/02/2008 12:31;2
DumZiBoT;Affaire_Réveillon;12/02/2008 02:52;2
DumZiBoT;Contributions_directes;12/02/2008 07:14;2
DumZiBoT;Certificat_de_civisme;12/02/2008 08:57;2
DumZiBoT;André_Joseph_Abrial;13/02/2008 05:37;3
DumZiBoT;Club_de_1789;13/02/2008 10:35;1384
DumZiBoT;Armée_de_l'Ouest;14/02/2008 09:45;10
Loveless;Benjamin_Zix;15/02/2008 05:11;7
Polmars;Club_de_1789;17/02/2008 10:52;76
Polmars;Club_de_Salm;17/02/2008 10:54;76
Polmars;Club_des_Impartiaux;17/02/2008 10:56;86
Polmars;Club_des_Impartiaux;17/02/2008 10:57;27
Polmars;Club_de_1789;17/02/2008 12:12;21
Polmars;Club_de_1789;17/02/2008 12:12;43
Wikimaniac;Chouans_!;20/02/2008 03:57;382
WikiCleanerBot;André_Joseph_Abrial;21/02/2008 06:33;22
StefBot;Caroline_chérie_(1951);24/02/2008 08:44;16
Aladin34;Chouans_!;27/02/2008 02:47;8
StefBot;Carle_Vernet;29/02/2008 03:49;26
Badmood;Alexandre_François_Marie_de_Beauharnais;01/03/2008 10:44;1
Colombia;Alexandre_François_Marie_de_Beauharnais;02/03/2008 03:59;260
Colombia;Alexandre_François_Marie_de_Beauharnais;02/03/2008 04:00;38
Colombia;Alexandre_François_Marie_de_Beauharnais;02/03/2008 04:16;171
Colombia;Alexandre_François_Marie_de_Beauharnais;02/03/2008 04:22;4
Colombia;Alexandre_François_Marie_de_Beauharnais;02/03/2008 04:25;0
Sammyday;Alexandre_François_Marie_de_Beauharnais;03/03/2008 10:54;214
Sammyday;Alexandre_François_Marie_de_Beauharnais;03/03/2008 10:55;192
Kirtap;Conspiration_des_poignards;05/03/2008 09:20;1348
Kirtap;Conspiration_des_poignards;05/03/2008 09:28;30
Kirtap;Conspiration_des_poignards;05/03/2008 09:29;17
Kirtap;Conspiration_des_poignards;05/03/2008 09:38;143
Odoacre;Camille_Borghèse;07/03/2008 02:26;17
Fantassin 72;10e_régiment_de_hussards;09/03/2008 03:28;43
Fantassin 72;10e_régiment_de_hussards;09/03/2008 03:29;54
Kirtap;Conspiration_des_poignards;10/03/2008 03:00;118
Kirtap;Conspiration_des_poignards;10/03/2008 03:01;33
Sammyday;Antoine_Banassat;10/03/2008 03:11;158
80.143.100.193;Complot_de_l'Œillet;10/03/2008 05:43;1
Fantassin 72;10e_régiment_de_hussards;10/03/2008 06:42;100
Fantassin 72;10e_régiment_de_hussards;10/03/2008 06:43;38
Attis;Conspiration_des_poignards;11/03/2008 03:53;575
Attis;Conspiration_des_poignards;11/03/2008 04:03;8
Sammyday;Conspiration_des_poignards;11/03/2008 09:35;42
Sammyday;Conspiration_des_poignards;11/03/2008 09:35;4
Attis;Conspiration_des_poignards;11/03/2008 10:07;1558
83.202.36.102;Coup_d'État_du_18_fructidor_an_V;12/03/2008 06:33;174
83.202.36.102;Coup_d'État_du_18_fructidor_an_V;12/03/2008 06:42;62
Attis;Conspiration_des_poignards;12/03/2008 09:37;1234
Sammyday;Conspiration_des_poignards;12/03/2008 09:46;4
Attis;Conspiration_des_poignards;12/03/2008 10:30;12
Sanao;Cocarde_tricolore;16/03/2008 09:42;636
Laurent Nguyen;Cocarde_tricolore;16/03/2008 09:58;0
Sanao;Cocarde_tricolore;16/03/2008 10:17;1661
Philip;Bataille_de_Cholet;17/03/2008 01:36;224
Attis;Affaire_du_camp_de_Grenelle;18/03/2008 02:34;42
Attis;Antoine_Banassat;18/03/2008 12:33;15
Michco;Complot_révolutionnaire_nantais_contre_les_modérés;23/03/2008 03:39;167
-Strogoff-;Corps_législatif_(Consulat_et_Premier_Empire);28/03/2008 01:21;41
-Strogoff-;Charles_Antoine_Chasset;29/03/2008 02:13;515
Heurtelions;Bien_national;31/03/2008 08:19;1273
Heurtelions;Bien_national;31/03/2008 08:25;58
Heurtelions;Bien_national;31/03/2008 08:38;850
Heurtelions;Bien_national;31/03/2008 08:43;534
Heurtelions;Bien_national;31/03/2008 08:45;151
Heurtelions;Bien_national;31/03/2008 08:47;48
-Strogoff-;André_Joseph_Abrial;31/03/2008 11:51;62
-Strogoff-;André_Joseph_Abrial;31/03/2008 11:57;52
Badmood;Caroline_chérie_(1951);01/04/2008 01:23;24
Badmood;Bataille_de_Cholet;01/04/2008 06:05;24
Badmood;Club_des_Impartiaux;01/04/2008 06:30;39
Badmood;Affaire_Réveillon;01/04/2008 06:58;46
Badmood;Club_de_Salm;01/04/2008 07:07;39
Badmood;Club_de_1789;01/04/2008 07:55;1451
Badmood;Alexandre_François_Marie_de_Beauharnais;01/04/2008 09:07;26
Attis;Antoine_Banassat;01/04/2008 09:41;40
Alecs.bot;10e_régiment_de_hussards;02/04/2008 01:12;63
Alecs.bot;11e_régiment_de_hussards_(France);02/04/2008 01:47;60
Alecs.bot;12e_régiment_de_hussards;02/04/2008 02:27;31
Alecs.bot;13e_régiment_de_hussards;02/04/2008 02:33;69
Alecs.bot;Affaire_de_Nancy;02/04/2008 07:41;23
Badmood;Armée_de_l'Ouest;02/04/2008 07:46;24
Badmood;Club_de_1789;02/04/2008 09:16;39
Alecs.bot;Accapareurs;03/04/2008 04:10;26
Badmood;Corps_législatif_(Consulat_et_Premier_Empire);03/04/2008 04:48;46
Badmood;Bonnet_phrygien;03/04/2008 10:28;24
Badmood;Loi_du_28_pluviôse_an_VIII;04/04/2008 05:44;26
Stéphane33;Comité_d'instruction_publique;04/04/2008 12:03;1
Nicod;Comité_ecclésiastique;06/04/2008 03:16;776
Nicod;Comité_ecclésiastique;06/04/2008 03:20;180
Nicod;Augustin-Jean-Charles_Clément;06/04/2008 04:23;1300
Serein;Comité_ecclésiastique;06/04/2008 08:04;2
Serein;Comité_ecclésiastique;06/04/2008 08:05;19
Nicod;Augustin-Jean-Charles_Clément;06/04/2008 08:57;9
Serein;Augustin-Jean-Charles_Clément;07/04/2008 07:20;31
Serein;Augustin-Jean-Charles_Clément;07/04/2008 07:30;884
Serein;Augustin-Jean-Charles_Clément;07/04/2008 07:31;32
-Strogoff-;Antoine_François_Péré;07/04/2008 07:52;1710
Khaerr;Armée_de_l'Ouest;12/04/2008 12:45;79
82.124.95.71;Bonnet_phrygien;15/04/2008 06:31;12
Arsene lapin;Conspiration_des_poignards;15/04/2008 09:12;19
Niavlys81;Charles_Antoine_Chasset;16/04/2008 04:40;46
Sammyday;Complot_de_l'Œillet;21/04/2008 02:07;96
Badmood;Charles_Antoine_Chasset;21/04/2008 02:30;13
62.203.140.192;Bonnet_phrygien;24/04/2008 06:19;27
62.203.140.192;Bonnet_phrygien;24/04/2008 06:26;17
82.251.123.34;Bonnet_phrygien;25/04/2008 09:40;30
PoM;Contributions_directes;26/04/2008 09:53;64
83.199.55.16;Coup_d'État_du_18_fructidor_an_V;27/04/2008 04:47;53
Hughes brivet;Carle_Vernet;01/05/2008 01:37;450
Hughes brivet;Carle_Vernet;01/05/2008 06:09;837
82.242.44.18;Bien_national;01/05/2008 09:40;311
Laure-Marie;Auguste_Marie_Raymond_d'Arenberg;02/05/2008 01:44;442
-Strogoff-;Corps_législatif_(Consulat_et_Premier_Empire);05/05/2008 02:38;35
-Strogoff-;Corps_législatif_(Consulat_et_Premier_Empire);05/05/2008 03:02;60
JAnDbot;Alexandre_François_Marie_de_Beauharnais;06/05/2008 08:31;32
Hughes brivet;Carle_Vernet;11/05/2008 09:36;53
Zetud;Antoine_François_Péré;12/05/2008 03:48;94
Nicod;Augustin-Jean-Charles_Clément;14/05/2008 09:51;4
Wanderer999;Club_de_1789;16/05/2008 12:30;0
Wanderer999;Club_de_1789;16/05/2008 12:31;0
Loveless;Auguste_Marie_Raymond_d'Arenberg;17/05/2008 11:08;67
Loveless;Bon_Albert_Briois_de_Beaumetz;17/05/2008 11:09;118
Loveless;Charles_Antoine_Chasset;17/05/2008 11:10;66
Épiméthée;Bien_national;18/05/2008 09:17;361
Nicod;Augustin-Jean-Charles_Clément;18/05/2008 11:56;1042
Nicod;Augustin-Jean-Charles_Clément;18/05/2008 12:17;6
Nicod;Augustin-Jean-Charles_Clément;18/05/2008 12:21;256
Nicod;Augustin-Jean-Charles_Clément;18/05/2008 12:26;76
Nicod;Augustin-Jean-Charles_Clément;19/05/2008 08:40;1593
Nicod;Augustin-Jean-Charles_Clément;19/05/2008 08:51;716
Nicod;Augustin-Jean-Charles_Clément;19/05/2008 09:45;408
Nicod;Augustin-Jean-Charles_Clément;19/05/2008 09:47;31
Ybourgogne;Corps_législatif_(Consulat_et_Premier_Empire);21/05/2008 01:08;38
Serein;Augustin-Jean-Charles_Clément;22/05/2008 10:50;17
Ptbotgourou;Armée_de_l'Ouest;23/05/2008 09:06;208
Ptbotgourou;Carle_Vernet;23/05/2008 09:46;24
BeatrixBelibaste;Augustin-Jean-Charles_Clément;23/05/2008 11:00;62
Mro;Bien_national;24/05/2008 11:09;13
Nelson98;Coup_d'État_du_18_fructidor_an_V;24/05/2008 12:48;58
Nicod;Comité_ecclésiastique;26/05/2008 09:41;26
Nicod;Comité_ecclésiastique;26/05/2008 09:47;100
Nicod;Comité_ecclésiastique;26/05/2008 10:02;48
Nicod;Comité_ecclésiastique;26/05/2008 10:38;16
Nicod;Comité_ecclésiastique;26/05/2008 11:07;41
Nicod;Comité_ecclésiastique;27/05/2008 02:13;924
Nicod;Comité_ecclésiastique;27/05/2008 03:15;144
Nicod;Comité_ecclésiastique;27/05/2008 03:21;14
Kirtap;Comité_d'instruction_publique;28/05/2008 01:52;33
Kirtap;Carle_Vernet;29/05/2008 12:56;34
Ir4ubot;Conspiration_de_Bicêtre;31/05/2008 01:05;18
Ir4ubot;Complot_révolutionnaire_nantais_contre_les_modérés;31/05/2008 12:52;16
Ir4ubot;Armée_de_l'Ouest;01/06/2008 02:14;16
-Strogoff-;André_Joseph_Abrial;02/06/2008 02:14;53
-Strogoff-;Club_de_Salm;02/06/2008 05:49;25
Ybourgogne;Corps_législatif_(Consulat_et_Premier_Empire);02/06/2008 06:21;91
-Strogoff-;Baiser_Lamourette;04/06/2008 06:39;17
-Strogoff-;Adoption_par_Louis_XVI_de_la_cocarde_tricolore;04/06/2008 06:44;17
Épiméthée;Club_des_Impartiaux;06/06/2008 03:50;50
Épiméthée;Club_de_Salm;06/06/2008 03:51;40
Louis-garden;Camille_Borghèse;09/06/2008 03:00;17
Serein;Appel_nominal;10/06/2008 08:07;1185
Serein;Appel_nominal;10/06/2008 08:09;68
Serein;Complot_révolutionnaire_nantais_contre_les_modérés;10/06/2008 08:22;68
Zetud;Armée_de_l'Ouest;10/06/2008 09:17;9
Zetud;Complot_révolutionnaire_nantais_contre_les_modérés;10/06/2008 09:19;6
Zetud;Conspiration_de_Bicêtre;10/06/2008 09:20;5
Zetud;Complot_de_l'Œillet;10/06/2008 09:29;2
-Strogoff-;Affaire_de_Nancy;11/06/2008 04:47;17
-Strogoff-;Armée_de_l'Ouest;11/06/2008 04:49;126
-Strogoff-;Appel_nominal;11/06/2008 05:00;17
-Strogoff-;Affaire_du_camp_de_Grenelle;11/06/2008 05:28;42
-Strogoff-;Bataille_de_Cholet;11/06/2008 05:31;68
-Strogoff-;Coup_d'État_du_18_fructidor_an_V;11/06/2008 06:23;42
-Strogoff-;Complot_de_Charenton;11/06/2008 06:25;17
-Strogoff-;Complot_révolutionnaire_nantais_contre_les_modérés;11/06/2008 06:26;17
-Strogoff-;Affaire_Réveillon;11/06/2008 06:45;16
Attis;Affaire_du_camp_de_Grenelle;12/06/2008 07:03;19
-Strogoff-;Corps_législatif_(Consulat_et_Premier_Empire);12/06/2008 11:29;54
-Strogoff-;Corps_législatif_(Consulat_et_Premier_Empire);13/06/2008 12:37;30
Estebanlenormand;Antoine_Alexandre_Hanicque;14/06/2008 07:48;1558
-Strogoff-;André_Joseph_Abrial;15/06/2008 01:12;113
Kropotkine 113;Antoine_Alexandre_Hanicque;15/06/2008 02:24;53
-Strogoff-;Achille_Libéral_Treilhard;15/06/2008 03:41;32
-Strogoff-;Charles_Antoine_Chasset;15/06/2008 06:52;17
24.202.0.195;Bonnet_phrygien;15/06/2008 10:05;102
-Strogoff-;Corps_législatif_(Consulat_et_Premier_Empire);16/06/2008 06:19;23
Clémentsf;1er_régiment_de_dragons;16/06/2008 06:47;4
-Strogoff-;Loi_du_28_pluviôse_an_VIII;16/06/2008 06:49;113
-Strogoff-;Conspiration_des_poignards;16/06/2008 06:50;69
Zetud;Camille_Borghèse;16/06/2008 09:25;29
-Strogoff-;Antoine_Alexandre_Hanicque;16/06/2008 10:04;44
-Strogoff-;Bataille_de_Cholet;17/06/2008 08:51;34
Albambot;Alexandre_François_Marie_de_Beauharnais;17/06/2008 09:26;32
PierreEG;Complot_de_l'Œillet;18/06/2008 07:10;17
PierreEG;Conseil_exécutif_(Révolution_française);18/06/2008 07:14;17
PierreEG;Conspiration_de_Bicêtre;18/06/2008 07:14;17
-Strogoff-;Benjamin_Zix;18/06/2008 07:29;91
PierreEG;Bien_national;18/06/2008 09:59;35
PierreEG;Certificat_de_civisme;18/06/2008 09:59;57
-Strogoff-;Camille_Borghèse;18/06/2008 12:53;46
Kirtap;Carle_Vernet;19/06/2008 07:37;126
Jaucourt;Bien_national;19/06/2008 09:47;44
HerculeBot;Benjamin_Zix;20/06/2008 06:58;9
-Strogoff-;Antoine_Alexandre_Hanicque;20/06/2008 10:17;3
Jaucourt;Bataille_de_Cholet;20/06/2008 10:24;15
-Strogoff-;Bonnet_phrygien;22/06/2008 01:15;34
-Strogoff-;Bonnet_phrygien;22/06/2008 01:15;11
-Strogoff-;Contributions_directes;22/06/2008 05:45;84
-Strogoff-;Cocarde_tricolore;22/06/2008 06:04;13
-Strogoff-;Accapareurs;22/06/2008 06:09;13
-Strogoff-;Blancs_(Révolution_française);22/06/2008 06:14;13
-Strogoff-;Citoyen_actif;22/06/2008 06:18;11
Chaoborus;Armée_de_l'Ouest;22/06/2008 11:08;4
FHd;Augustin-Jean-Charles_Clément;25/06/2008 08:40;97
Khaerr;Chouans_!;25/06/2008 10:59;47
PierreEG;Charles_Antoine_Chasset;25/06/2008 11:33;25
Thijs!bot;Alexandre_François_Marie_de_Beauharnais;26/06/2008 02:37;47
Khaerr;Bataille_de_Cholet;27/06/2008 10:42;99
Badmood;13e_régiment_de_hussards;29/06/2008 04:10;432
Badmood;12e_régiment_de_hussards;29/06/2008 08:04;356
Mro;11e_régiment_de_hussards_(France);30/06/2008 01:06;512
82.225.234.108;Bonnet_phrygien;30/06/2008 03:57;133
PierreEG;Antoine_François_Péré;30/06/2008 08:00;20
MelancholieBot;Camille_Borghèse;04/07/2008 05:39;41
-Strogoff-;Carle_Vernet;04/07/2008 09:03;17
343KKT Kintaro;Bonnet_phrygien;04/07/2008 09:19;4
Sebleouf;Charles_Antoine_Chasset;04/07/2008 09:57;38
Thijs!bot;Camille_Borghèse;05/07/2008 12:01;41
Jaucourt;Adoption_par_Louis_XVI_de_la_cocarde_tricolore;06/07/2008 07:02;374
Épiméthée;11e_régiment_de_hussards_(France);07/07/2008 09:30;0
Ir4ubot;Armée_de_l'Ouest;08/07/2008 09:01;5
Dinkley;Cocarde_tricolore;08/07/2008 11:31;77
Épiméthée;11e_régiment_de_hussards_(France);09/07/2008 05:56;116
Épiméthée;11e_régiment_de_hussards_(France);09/07/2008 05:56;8
Dinkley;Cocarde_tricolore;10/07/2008 06:31;101
Dinkley;Cocarde_tricolore;10/07/2008 06:31;1
Sanao;Cocarde_tricolore;10/07/2008 07:54;1613
Ir4ubot;Complot_révolutionnaire_nantais_contre_les_modérés;10/07/2008 08:32;5
Ir4ubot;Conspiration_de_Bicêtre;10/07/2008 08:37;5
89.3.211.202;Antoine_Banassat;12/07/2008 01:14;37
Ga-massoni;12e_régiment_de_hussards;13/07/2008 04:32;35
Ga-massoni;12e_régiment_de_hussards;13/07/2008 04:46;896
Ga-massoni;12e_régiment_de_hussards;13/07/2008 04:47;33
Ga-massoni;12e_régiment_de_hussards;13/07/2008 04:49;50
Ga-massoni;12e_régiment_de_hussards;13/07/2008 05:00;723
Ga-massoni;12e_régiment_de_hussards;13/07/2008 05:07;4
Lykos;Antoine_Banassat;13/07/2008 08:07;30
80.12.121.197;12e_régiment_de_hussards;14/07/2008 06:40;8
GillesC;Cocarde_tricolore;18/07/2008 04:35;24
MelancholieBot;Bonnet_phrygien;19/07/2008 07:47;11
Jotun;Coup_d'État_du_18_fructidor_an_V;19/07/2008 10:03;24
90.22.102.140;Corps_législatif_(Consulat_et_Premier_Empire);21/07/2008 08:07;5
Dinkley;Cocarde_tricolore;23/07/2008 08:19;2238
Dinkley;Cocarde_tricolore;23/07/2008 08:25;39
Dinkley;Adoption_par_Louis_XVI_de_la_cocarde_tricolore;23/07/2008 08:26;1699
